{
  "name": "Ihr Layout",
  "Door": [
    {
      "wallId": "ORCJ_qplmUqofOzLZxmyBF5aKFEzuKOd9gNsGO1sKo",
      "name": "PogpA3TuF5b2V2qUh9qqJ",
      "vector": {
        "id": "Dwp2WaKScpy-PDPEotd42n1QYgAc9W4CRUnD-GHNq8",
        "a": {
          "id": "Dwp2WaKScpy-PDPEotd42",
          "x": 69.21382535068874,
          "y": 345.6679514722608
        },
        "b": {
          "id": "n1QYgAc9W4CRUnD-GHNq8",
          "x": 89.66175913054467,
          "y": 408.0011689624668
        },
        "angle": 71.83831991348283,
        "length": 65.60143290010282,
        "v_x": 20.44793377985593,
        "v_y": 62.33321749020598,
        "midPoint": {
          "id": "1GW5PTCSH_9DeNTmOgPg9",
          "x": 79.4377922406167,
          "y": 376.8345602173638
        }
      },
      "hover": false
    }
  ],
  "Shelfs": [
    {
      "name": "6n6nbjbLjzOA08Hf7_2_T",
      "id": "6n6nbjbLjzOA08Hf7_2_T",
      "polygon": {
        "x": 250,
        "y": 342.5,
        "width": 182.5,
        "height": 56.25,
        "rotation": 0
      },
      "hover": false,
      "text": "Fleisch (Theke)",
      "selectedItems": [
        "Fleisch (Theke)"
      ],
      "selectedShoppingTimes": []
    },
    {
      "name": "c15bOoVkL_CjCas-gof7x",
      "id": "c15bOoVkL_CjCas-gof7x",
      "polygon": {
        "x": 366.25,
        "y": 286.25,
        "width": 206.25,
        "height": 92.5,
        "rotation": 0
      },
      "hover": false,
      "text": "",
      "selectedItems": [],
      "selectedShoppingTimes": []
    }
  ],
  "Domainpolygon": {
    "numberPoints": 12,
    "segmentPoints": [
      48,
      719,
      579,
      781,
      559,
      507,
      110,
      530,
      250,
      657.5,
      432.5,
      657.5,
      432.5,
      601.25,
      250,
      601.25,
      366.25,
      713.75,
      572.5,
      713.75,
      572.5,
      621.25,
      366.25,
      621.25
    ],
    "numberSegments": 12,
    "pointOrder": [
      0,
      1,
      1,
      2,
      2,
      3,
      3,
      0,
      4,
      5,
      5,
      6,
      6,
      7,
      7,
      4,
      8,
      9,
      9,
      10,
      10,
      11,
      11,
      8
    ],
    "numberHoles": 2,
    "holes": [
      {
        "x": 341.25,
        "y": 629.375
      },
      {
        "x": 469.375,
        "y": 667.5
      }
    ]
  },
  "PolygonCorners": {
    "corners": [
      {
        "id": "F5aKFEzuKOd9gNsGO1sKo",
        "x": 48,
        "y": 281
      },
      {
        "id": "DYtMirNCFjS_XOpebN_Ea",
        "x": 579,
        "y": 219
      },
      {
        "id": "z49mMrTP8PsSlNjEEjkG5",
        "x": 559,
        "y": 493
      },
      {
        "id": "ORCJ_qplmUqofOzLZxmyB",
        "x": 110,
        "y": 470
      }
    ],
    "closed": true
  },
  "BackgroundImagePosition": {
    "name": "default",
    "x": 0,
    "y": 0,
    "width": 0,
    "height": 0,
    "rotation": 0,
    "scaleX": 1,
    "scaleY": 1
  },
  "Checkouts": [
    {
      "name": "vmyXxg0N9iczl9y_4eXs7",
      "id": "vmyXxg0N9iczl9y_4eXs7",
      "polygon": {
        "x": 145,
        "y": 407.5,
        "width": 78.75,
        "height": 30,
        "rotation": 0
      },
      "hover": false,
      "text": "Kasse"
    },
    {
      "name": "bXUVYNU7-47I_6LRVb4-i",
      "id": "bXUVYNU7-47I_6LRVb4-i",
      "polygon": {
        "x": 95,
        "y": 307.5,
        "width": 96.25,
        "height": 38.75,
        "rotation": 0
      },
      "hover": false,
      "text": "Kasse"
    }
  ]
}